{
    "train_loss": [
        6.997571802139282,
        6.953633737564087,
        6.9434136867523195,
        6.940372953414917,
        6.93945616722107,
        6.940515937805176,
        6.938949279785156,
        6.938478584289551,
        6.9371984100341795,
        6.9370278549194335,
        6.9373064041137695,
        6.9363976573944095,
        6.935028009414673,
        6.934925260543824,
        6.93466474533081,
        6.936675395965576,
        6.934593029022217,
        6.935007047653198,
        6.934741010665894,
        6.934801263809204,
        6.934528970718384,
        6.935122156143189,
        6.933196067810059,
        6.93391523361206,
        6.933593864440918,
        6.931225862503052,
        6.932350368499756,
        6.929028701782227,
        6.93041467666626,
        6.928080492019653,
        6.924113969802857,
        6.934183292388916,
        6.933055639266968,
        6.9329172706604005,
        6.932815313339233,
        6.932759408950806,
        6.932486686706543,
        6.933321676254272,
        6.933277244567871,
        6.931310415267944,
        6.931981191635132,
        6.930674734115601,
        6.9327685546875,
        6.932803659439087,
        6.932196588516235,
        6.93135326385498
    ],
    "val_loss": [
        6.955013523101806,
        6.937851543426514,
        6.934481658935547,
        6.931782970428467,
        6.931329956054688,
        6.93076021194458,
        6.930304470062256,
        6.929729709625244,
        6.930948219299316,
        6.932674179077148,
        6.930821323394776,
        6.930752544403076,
        6.930120906829834,
        6.930474071502686,
        6.929718265533447,
        6.92745756149292,
        6.9287004470825195,
        6.930210189819336,
        6.928425998687744,
        6.928863201141358,
        6.929823417663574,
        6.9300971031188965,
        6.929875583648681,
        6.9283909034729,
        6.927177619934082,
        6.922095813751221,
        6.92502799987793,
        6.928205490112305,
        6.906154327392578,
        6.912011032104492,
        6.926021366119385,
        6.930965633392334,
        6.929070339202881,
        6.929238300323487,
        6.928336677551269,
        6.927251777648926,
        6.931026248931885,
        6.927931156158447,
        6.93001724243164,
        6.928507099151611,
        6.928969116210937,
        6.9308762550354,
        6.929068717956543,
        6.9285438537597654,
        6.930550270080566,
        6.928852882385254
    ]
}